{"ms_taps_p1":100,"ms_stage_s1":100,"ms_taps_p2":100,"ms_golden_g1":100,"ms_kills_k1":100,"ms_finger_t1":100,"ms_taps_p3":62000,"ms_golden_g2":41000,"ms_oven_t1":1550000,"ms_grandma_t1":5400000,"ms_spiceRack_t1":130000000,"msk_core":100,"ms_kills_k2":38000,"ms_kills_k3":81500000,"ms_factory_t1":145000000,"ms_bank_t1":155000000,"ms_portal_t1":195000000,"ms_oven_t2":1300000000,"ms_finger_t2":2750000000,"ms_prestige_r1":100,"msk_click_1":100,"msk2_click_1":100,"msk_click_amp":100,"msk2_click_amp":100,"msk_click_stall":100,"msk2_click_stall":100,"ms_grandma_t2":13500000000,"ms_factory_t2":45000000000,"ms_golden_g3":28000000000,"ms_spiceRack_t2":1050000000000,"msk_golden_1":100,"msk2_golden_1":100,"msk_golden_amp":100,"msk2_golden_amp":100,"ms_stage_s2":170000000000,"ms_taps_p4":16000000000000,"ms_bank_t2":4050000000000,"ms_portal_t2":2750000000000,"ms_oven_t3":33500000000000,"ms_kills_k4":650000000000,"ms_factory_t3":87000000000000,"msk_monster_1":100,"msk2_monster_1":100,"ms_golden_g4":1550000000000000,"ms_finger_t3":135000000000000000,"ms_prestige_r2":100,"msk_monster_amp":100,"msk2_monster_amp":100,"msk_monster_peddler":100,"msk2_monster_peddler":100,"msk_auto_1":100,"msk2_auto_1":100,"ms_spiceRack_t3":605000000000000000,"ms_grandma_t3":4400000000000000000,"ms_kills_k5":15500000000000000000,"msk_auto_amp":100,"msk2_auto_amp":100,"msk_economy_1":100,"msk2_economy_1":100,"ms_portal_t3":1.6e+21,"ms_oven_t4":6.45e+22,"ms_stage_s3":8.15e+21,"ms_factory_t4":3.1e+22,"ms_bank_t3":5.1e+22,"msk_click_2":100,"msk2_click_2":100,"msk_workshop_1":100,"msk_workshop_2":100,"ms_spiceRack_t4":4.05e+27,"msk_golden_2":100,"msk2_golden_2":100,"ms_kills_k6":4.2999999999999994e+30,"ms_finger_t4":5.3e+32,"msk_monster_2":100,"msk2_monster_2":100,"ms_grandma_t4":5.050000000000001e+34,"ms_prestige_r3":100,"msk_auto_2":100,"msk2_auto_2":100,"msk_economy_2":100,"msk2_economy_2":100,"msk_economy_analysis":100,"msk2_economy_analysis":100,"ms_portal_t4":1.5999999999999997e+38,"msk_mastery_low":100,"msk_order_board":100,"msk2_order_board":100,"ms_bank_t4":2.6500000000000002e+41,"ms_stage_s4":1.5e+43,"msk_click_3":100,"msk2_click_3":100,"ms_kills_k7":4.35e+44,"msk_upgrade_moon":100,"msk2_upgrade_moon":100,"ms_moonBakery_t1":1000000000000,"ms_moonBakery_t2":2050000000000000,"ms_moonBakery_t3":5.7e+22,"ms_moonBakery_t4":3.95e+42,"msk_auto_3":100,"msk2_auto_3":100,"msk_research_1":100,"msk_research_remodel":100,"msk_research_analysis":100,"msk_golden_3":100,"msk2_golden_3":100,"msk_golden_analysis":100,"msk2_golden_analysis":100,"msk_upgrade_time":100,"msk2_upgrade_time":100,"ms_timeOven_t1":51500000000000,"ms_timeOven_t2":80000000000000000,"ms_timeOven_t3":6.55e+24,"ms_timeOven_t4":2.35e+43,"ms_prestige_r4":100,"msk_monster_3":100,"msk2_monster_3":100,"msk_auto_4":100,"msk2_auto_4":100,"msk_hunt_analysis":100,"msk2_hunt_analysis":100,"ms_stage_s5":2.0500000000000002e+73,"msk_click_4":100,"msk2_click_4":100,"msk_offline_1":100,"msk_upgrade_galaxy":100,"msk2_upgrade_galaxy":100,"ms_galaxyFactory_t1":6850000000000000000,"ms_galaxyFactory_t2":945000000000000000000,"ms_galaxyFactory_t3":2.8e+29,"ms_galaxyFactory_t4":6.949999999999999e+44,"msk_mastery_high":100,"ms_kills_k8":9.8e+90,"msk_golden_4":100,"msk2_golden_4":100,"ms_golden_g5":1.4500000000000001e+96,"msk_monster_4":100,"msk2_monster_4":100,"msk_start_1":100,"msk_start_2":100,"msk_upgrade_blackhole":100,"msk2_upgrade_blackhole":100,"msk_reward_1":100,"msk2_reward_1":100,"msk_reward_synergy":100,"msk2_reward_synergy":100,"msk_reward_choice_2":100,"msk2_reward_choice_2":100,"ms_blackHoleMixer_t1":53500000000000000000,"ms_blackHoleMixer_t2":4.3e+21,"ms_blackHoleMixer_t3":7.15e+29,"ms_blackHoleMixer_t4":2.3e+45,"ms_golden_g6":1.5500000000000001e+94,"ms_stage_s6":2.85e+112,"msk_unlock_reward_crackedFang":100,"msk2_unlock_reward_crackedFang":100,"msk_unlock_reward_goldenChain":100,"msk2_unlock_reward_goldenChain":100,"msk_upgrade_universe":100,"msk2_upgrade_universe":100,"ms_universeOven_t1":635000000000000000000,"ms_universeOven_t2":3.5e+22,"ms_universeOven_t3":1.1499999999999998e+30,"ms_universeOven_t4":3.6999999999999996e+47,"msk_unlock_reward_chainPrep":100,"msk2_unlock_reward_chainPrep":100,"msk_unlock_reward_huntFocus":100,"msk2_unlock_reward_huntFocus":100,"msk_upgrade_godfinger":100,"msk2_upgrade_godfinger":100,"ms_godFinger_t1":1.7e+21,"ms_godFinger_t2":9.9e+22,"ms_godFinger_t3":4.7499999999999996e+30,"ms_godFinger_t4":1.8e+49,"msk_unlock_reward_goldenTarget":100,"msk2_unlock_reward_goldenTarget":100,"msk_upgrade_singularity":100,"msk2_upgrade_singularity":100,"ms_cookieSingularity_t1":1.65e+23,"ms_cookieSingularity_t2":4.3999999999999995e+26,"ms_cookieSingularity_t3":1.3e+31,"ms_cookieSingularity_t4":2.5e+49,"msk_unlock_reward_goldenFirstHit":100,"msk2_unlock_reward_goldenFirstHit":100,"msk_unlock_reward_beastScent":100,"msk2_unlock_reward_beastScent":100,"msk_reward_2":100,"msk2_reward_2":100,"msk_upgrade_quantum":100,"msk2_upgrade_quantum":100,"ms_quantumBakery_t1":3.0499999999999995e+24,"ms_quantumBakery_t2":4.95e+27,"ms_quantumBakery_t3":1.2e+32,"ms_quantumBakery_t4":6.75e+49,"msk_unlock_reward_biteRecovery":100,"msk2_unlock_reward_biteRecovery":100,"msk_unlock_reward_beastHeatFerment":100,"msk2_unlock_reward_beastHeatFerment":100,"msk_unlock_reward_huntingCore":100,"msk2_unlock_reward_huntingCore":100,"msk_upgrade_antimatter":100,"msk2_upgrade_antimatter":100,"ms_antimatterOven_t1":5.0999999999999995e+25,"ms_antimatterOven_t2":2.2000000000000001e+27,"ms_antimatterOven_t3":4.3e+32,"ms_antimatterOven_t4":2.4500000000000002e+51,"msk_unlock_reward_brandHunt":100,"msk2_unlock_reward_brandHunt":100,"msk_unlock_reward_crushedMill":100,"msk2_unlock_reward_crushedMill":100,"msk_unlock_reward_deepPursuit":100,"msk2_unlock_reward_deepPursuit":100,"msk_unlock_reward_goldenBeastMutation":100,"msk2_unlock_reward_goldenBeastMutation":100,"msk_master_final":100,"ms_taps_p5":null,"ms_taps_p6":null}