{"ms_taps_p1":100,"ms_stage_s1":100,"ms_finger_t1":100,"ms_taps_p2":100,"ms_golden_g1":100,"ms_kills_k1":100,"ms_taps_p3":140000,"ms_golden_g2":57000,"ms_oven_t1":205000,"ms_grandma_t1":1450000,"ms_oven_t2":33000000,"msk_core":100,"ms_kills_k2":60000,"ms_factory_t1":120000000,"ms_spiceRack_t1":77000000,"ms_portal_t1":93500000,"ms_kills_k3":14000000,"ms_finger_t2":615000000,"ms_bank_t1":100000000,"ms_prestige_r1":100,"msk_click_1":100,"msk2_click_1":100,"msk_click_amp":100,"msk2_click_amp":100,"msk_click_stall":100,"msk2_click_stall":100,"ms_grandma_t2":3950000000,"ms_factory_t2":10000000000,"ms_stage_s2":59500000000,"msk_golden_1":100,"msk2_golden_1":100,"msk_golden_amp":100,"msk2_golden_amp":100,"ms_golden_g3":250000000000,"ms_oven_t3":985000000000,"ms_spiceRack_t2":1350000000000,"ms_factory_t3":12500000000000,"ms_portal_t2":2850000000000,"ms_bank_t2":9800000000000,"ms_taps_p4":59000000000000,"msk_monster_amp":100,"msk2_monster_amp":100,"msk_monster_1":100,"msk2_monster_1":100,"ms_prestige_r2":100,"msk_monster_peddler":100,"msk2_monster_peddler":100,"msk_auto_1":100,"msk2_auto_1":100,"ms_finger_t3":225000000000000000,"ms_spiceRack_t3":560000000000000000,"ms_grandma_t3":3100000000000000000,"ms_kills_k4":4100000000000000,"msk_auto_amp":100,"msk2_auto_amp":100,"msk_economy_1":100,"msk2_economy_1":100,"ms_oven_t4":455000000000000000000,"ms_factory_t4":1.9e+21,"ms_portal_t3":2.65e+21,"msk_click_2":100,"msk2_click_2":100,"msk_workshop_1":100,"msk_workshop_2":100,"ms_stage_s3":2.7e+21,"ms_bank_t3":8.75e+22,"msk_golden_2":100,"msk2_golden_2":100,"msk_monster_2":100,"msk2_monster_2":100,"ms_spiceRack_t4":6.35e+26,"ms_prestige_r3":100,"msk_auto_2":100,"msk2_auto_2":100,"msk_economy_2":100,"msk2_economy_2":100,"msk_economy_analysis":100,"msk2_economy_analysis":100,"msk_order_board":100,"msk2_order_board":100,"msk_mastery_low":100,"ms_finger_t4":1.7000000000000002e+34,"ms_grandma_t4":2.5999999999999997e+35,"ms_kills_k5":2.1499999999999997e+30,"msk_click_3":100,"msk2_click_3":100,"msk_upgrade_moon":100,"msk2_upgrade_moon":100,"ms_moonBakery_t1":110000000000,"ms_moonBakery_t2":105000000000000,"ms_moonBakery_t3":5.85e+22,"ms_portal_t4":2.0999999999999999e+40,"msk_auto_3":100,"msk2_auto_3":100,"ms_bank_t4":3.1e+42,"msk_research_1":100,"ms_moonBakery_t4":6e+43,"ms_stage_s4":9.999999999999999e+43,"msk_research_remodel":100,"msk_research_analysis":100,"msk_golden_3":100,"msk2_golden_3":100,"msk_golden_analysis":100,"msk2_golden_analysis":100,"msk_upgrade_time":100,"msk2_upgrade_time":100,"ms_timeOven_t1":9100000000000,"ms_timeOven_t2":1950000000000000,"ms_timeOven_t3":1.5499999999999998e+24,"ms_timeOven_t4":9.2e+43,"ms_prestige_r4":100,"msk_monster_3":100,"msk2_monster_3":100,"msk_hunt_analysis":100,"msk2_hunt_analysis":100,"msk_auto_4":100,"msk2_auto_4":100,"ms_kills_k6":4.9000000000000006e+57,"msk_click_4":100,"msk2_click_4":100,"msk_offline_1":100,"msk_upgrade_galaxy":100,"msk2_upgrade_galaxy":100,"ms_galaxyFactory_t1":740000000000000000,"ms_galaxyFactory_t2":135000000000000000000,"ms_galaxyFactory_t3":3.7499999999999995e+28,"ms_galaxyFactory_t4":5.05e+44,"ms_stage_s5":2.0500000000000002e+73,"msk_mastery_high":100,"msk_golden_4":100,"msk2_golden_4":100,"ms_golden_g4":1.15e+87,"msk_monster_4":100,"msk2_monster_4":100,"msk_start_1":100,"msk_start_2":100,"msk_upgrade_blackhole":100,"msk2_upgrade_blackhole":100,"msk_reward_1":100,"msk2_reward_1":100,"msk_reward_synergy":100,"msk2_reward_synergy":100,"msk_reward_choice_2":100,"msk2_reward_choice_2":100,"ms_blackHoleMixer_t1":5950000000000000000,"ms_blackHoleMixer_t2":560000000000000000000,"ms_blackHoleMixer_t3":8.15e+28,"ms_blackHoleMixer_t4":1.7000000000000002e+45,"ms_golden_g5":1.55e+97,"msk_unlock_reward_crackedFang":100,"msk2_unlock_reward_crackedFang":100,"msk_unlock_reward_goldenChain":100,"msk2_unlock_reward_goldenChain":100,"msk_upgrade_universe":100,"msk2_upgrade_universe":100,"ms_universeOven_t1":78500000000000000000,"ms_universeOven_t2":3.45e+21,"ms_universeOven_t3":1.4e+29,"ms_universeOven_t4":3.2e+45,"msk_unlock_reward_chainPrep":100,"msk2_unlock_reward_chainPrep":100,"msk_unlock_reward_huntFocus":100,"msk2_unlock_reward_huntFocus":100,"msk_upgrade_godfinger":100,"msk2_upgrade_godfinger":100,"ms_godFinger_t1":255000000000000000000,"ms_godFinger_t2":3.95e+23,"ms_godFinger_t3":5.949999999999999e+28,"ms_godFinger_t4":6.65e+46,"ms_stage_s6":1.8e+105,"msk_unlock_reward_goldenTarget":100,"msk2_unlock_reward_goldenTarget":100,"msk_upgrade_singularity":100,"msk2_upgrade_singularity":100,"ms_cookieSingularity_t1":2.2e+22,"ms_cookieSingularity_t2":2.85e+25,"ms_cookieSingularity_t3":3.3999999999999997e+30,"ms_cookieSingularity_t4":5e+46,"msk_unlock_reward_goldenFirstHit":100,"msk2_unlock_reward_goldenFirstHit":100,"msk_unlock_reward_beastScent":100,"msk2_unlock_reward_beastScent":100,"msk_reward_2":100,"msk2_reward_2":100,"msk_upgrade_quantum":100,"msk2_upgrade_quantum":100,"ms_quantumBakery_t1":2.85e+23,"ms_quantumBakery_t2":5.449999999999999e+26,"ms_quantumBakery_t3":1e+31,"ms_quantumBakery_t4":2.2e+47,"msk_unlock_reward_biteRecovery":100,"msk2_unlock_reward_biteRecovery":100,"msk_unlock_reward_beastHeatFerment":100,"msk2_unlock_reward_beastHeatFerment":100,"msk_unlock_reward_huntingCore":100,"msk2_unlock_reward_huntingCore":100,"msk_upgrade_antimatter":100,"msk2_upgrade_antimatter":100,"ms_antimatterOven_t1":5.15e+24,"ms_antimatterOven_t2":7.5e+27,"ms_antimatterOven_t3":1.9999999999999998e+30,"ms_antimatterOven_t4":4.15e+49,"msk_unlock_reward_brandHunt":100,"msk2_unlock_reward_brandHunt":100,"msk_unlock_reward_deepPursuit":100,"msk2_unlock_reward_deepPursuit":100,"msk_unlock_reward_crushedMill":100,"msk2_unlock_reward_crushedMill":100,"msk_unlock_reward_goldenBeastMutation":100,"msk2_unlock_reward_goldenBeastMutation":100,"msk_master_final":100,"ms_golden_g6":8.6e+197,"ms_taps_p5":3.05e+257,"ms_taps_p6":2e+257,"ms_kills_k7":2.5499999999999996e+84,"ms_kills_k8":4.5000000000000004e+109}