{"ms_taps_p1":100,"ms_stage_s1":100,"ms_finger_t1":100,"ms_taps_p2":100,"ms_golden_g1":100,"ms_kills_k1":100,"ms_oven_t1":1050000,"ms_golden_g2":160000,"ms_grandma_t1":7400000,"msk_core":100,"ms_kills_k2":155000,"ms_spiceRack_t1":395000000,"ms_factory_t1":220000000,"ms_bank_t1":845000000,"ms_portal_t1":815000000,"ms_prestige_r1":100,"msk_click_1":100,"msk2_click_1":100,"msk_click_amp":100,"msk2_click_amp":100,"msk_click_stall":100,"msk2_click_stall":100,"msk_golden_1":100,"msk2_golden_1":100,"msk_golden_amp":100,"msk2_golden_amp":100,"ms_finger_t2":16500000000000,"ms_kills_k3":2600000000000,"ms_grandma_t2":20500000000000,"ms_oven_t2":62500000000000,"ms_factory_t2":140000000000000,"ms_bank_t2":320000000000000,"ms_spiceRack_t2":560000000000000,"ms_portal_t2":955000000000000,"ms_stage_s2":955000000000000,"msk_monster_1":100,"msk2_monster_1":100,"ms_taps_p3":2450000,"ms_oven_t3":16000000000000000,"ms_kills_k4":24500000000000000,"ms_factory_t3":64500000000000000,"ms_golden_g3":6400000000000000,"ms_prestige_r2":100,"msk_monster_amp":100,"msk2_monster_amp":100,"msk_monster_peddler":100,"msk2_monster_peddler":100,"msk_auto_1":100,"msk2_auto_1":100,"ms_finger_t3":2850000000000000000,"ms_grandma_t3":27500000000000000000,"ms_spiceRack_t3":7800000000000000000,"ms_taps_p4":1.45e+22,"msk_auto_amp":100,"msk2_auto_amp":100,"msk_economy_1":100,"msk2_economy_1":100,"ms_oven_t4":2.9e+22,"ms_factory_t4":1.25e+22,"ms_portal_t3":1.1e+22,"ms_stage_s3":1.9e+22,"ms_bank_t3":6.05e+24,"msk_click_2":100,"msk2_click_2":100,"msk_workshop_1":100,"msk_workshop_2":100,"ms_spiceRack_t4":7e+27,"ms_kills_k5":6.25e+29,"msk_golden_2":100,"msk2_golden_2":100,"msk_monster_2":100,"msk2_monster_2":100,"ms_finger_t4":7.3e+35,"ms_prestige_r3":100,"msk_auto_2":100,"msk2_auto_2":100,"ms_grandma_t4":5.55e+36,"msk_economy_2":100,"msk2_economy_2":100,"msk_economy_analysis":100,"msk2_economy_analysis":100,"msk_mastery_low":100,"msk_order_board":100,"msk2_order_board":100,"ms_portal_t4":5.1e+42,"ms_stage_s4":2.1e+44,"ms_bank_t4":4.2000000000000005e+45,"ms_kills_k6":3.7e+42,"msk_click_3":100,"msk2_click_3":100,"msk_upgrade_moon":100,"msk2_upgrade_moon":100,"ms_moonBakery_t1":5750000000000,"ms_moonBakery_t2":415000000000000,"ms_moonBakery_t3":6.4e+22,"ms_moonBakery_t4":6.899999999999999e+44,"msk_auto_3":100,"msk2_auto_3":100,"msk_research_1":100,"msk_research_remodel":100,"msk_research_analysis":100,"msk_golden_3":100,"msk2_golden_3":100,"msk_golden_analysis":100,"msk2_golden_analysis":100,"msk_upgrade_time":100,"msk2_upgrade_time":100,"ms_timeOven_t1":265000000000000,"ms_timeOven_t2":385000000000000000,"ms_timeOven_t3":8.649999999999999e+24,"ms_timeOven_t4":7.35e+44,"ms_prestige_r4":100,"msk_monster_3":100,"msk2_monster_3":100,"msk_hunt_analysis":100,"msk2_hunt_analysis":100,"msk_auto_4":100,"msk2_auto_4":100,"ms_stage_s5":1.8e+75,"msk_click_4":100,"msk2_click_4":100,"msk_offline_1":100,"msk_upgrade_galaxy":100,"msk2_upgrade_galaxy":100,"ms_galaxyFactory_t1":3950000000000000000,"ms_galaxyFactory_t2":750000000000000000000,"ms_galaxyFactory_t3":2e+29,"ms_galaxyFactory_t4":2.8000000000000002e+45,"msk_mastery_high":100,"msk_golden_4":100,"msk2_golden_4":100,"msk_start_1":100,"ms_golden_g4":3.9e+88,"ms_kills_k7":2.3e+78,"msk_monster_4":100,"msk2_monster_4":100,"msk_start_2":100,"msk_upgrade_blackhole":100,"msk2_upgrade_blackhole":100,"msk_reward_1":100,"msk2_reward_1":100,"msk_reward_synergy":100,"msk2_reward_synergy":100,"msk_reward_choice_2":100,"msk2_reward_choice_2":100,"ms_blackHoleMixer_t1":31500000000000000000,"ms_blackHoleMixer_t2":3e+21,"ms_blackHoleMixer_t3":4.9e+29,"ms_blackHoleMixer_t4":5.0000000000000006e+45,"ms_golden_g5":7.849999999999999e+82,"ms_stage_s6":1.4500000000000003e+113,"msk_unlock_reward_crackedFang":100,"msk2_unlock_reward_crackedFang":100,"msk_unlock_reward_goldenChain":100,"msk2_unlock_reward_goldenChain":100,"msk_upgrade_universe":100,"msk2_upgrade_universe":100,"ms_universeOven_t1":385000000000000000000,"ms_universeOven_t2":1.85e+22,"ms_universeOven_t3":1.0499999999999999e+30,"ms_universeOven_t4":2.0000000000000002e+46,"msk_unlock_reward_chainPrep":100,"msk2_unlock_reward_chainPrep":100,"msk_unlock_reward_huntFocus":100,"msk2_unlock_reward_huntFocus":100,"ms_golden_g6":1.0499999999999999e+198,"msk_upgrade_godfinger":100,"msk2_upgrade_godfinger":100,"ms_godFinger_t1":1.35e+21,"ms_godFinger_t2":7.9e+22,"ms_godFinger_t3":6.549999999999999e+28,"ms_godFinger_t4":3.35e+47,"msk_unlock_reward_goldenTarget":100,"msk2_unlock_reward_goldenTarget":100,"msk_upgrade_singularity":100,"msk2_upgrade_singularity":100,"ms_cookieSingularity_t1":1.25e+23,"ms_cookieSingularity_t2":6.299999999999999e+24,"ms_cookieSingularity_t3":1.1499999999999998e+30,"ms_cookieSingularity_t4":2.55e+47,"msk_unlock_reward_goldenFirstHit":100,"msk2_unlock_reward_goldenFirstHit":100,"msk_unlock_reward_beastScent":100,"msk2_unlock_reward_beastScent":100,"msk_reward_2":100,"msk2_reward_2":100,"msk_upgrade_quantum":100,"msk2_upgrade_quantum":100,"ms_quantumBakery_t1":1.5499999999999998e+24,"ms_quantumBakery_t2":2.15e+27,"ms_quantumBakery_t3":4.5999999999999994e+30,"ms_quantumBakery_t4":1.2e+48,"msk_unlock_reward_biteRecovery":100,"msk2_unlock_reward_biteRecovery":100,"msk_unlock_reward_beastHeatFerment":100,"msk2_unlock_reward_beastHeatFerment":100,"msk_unlock_reward_huntingCore":100,"msk2_unlock_reward_huntingCore":100,"msk_upgrade_antimatter":100,"msk2_upgrade_antimatter":100,"ms_antimatterOven_t1":2.8e+25,"ms_antimatterOven_t2":3.5499999999999995e+28,"ms_antimatterOven_t3":1.2000000000000001e+31,"ms_antimatterOven_t4":3.95e+50,"msk_unlock_reward_brandHunt":100,"msk2_unlock_reward_brandHunt":100,"msk_unlock_reward_crushedMill":100,"msk2_unlock_reward_crushedMill":100,"msk_unlock_reward_deepPursuit":100,"msk2_unlock_reward_deepPursuit":100,"msk_unlock_reward_goldenBeastMutation":100,"msk2_unlock_reward_goldenBeastMutation":100,"msk_master_final":100,"ms_taps_p5":1.5e+226,"ms_taps_p6":1.4500000000000001e+227,"ms_kills_k8":1.5499999999999998e+107}