{
 "resCost": {
  "factoryNetwork": 7714618609,
  "spiceBlend": 4593919227200,
  "portalNetwork": 1976614361411048,
  "bankClickDividend": 816032016011858600,
  "portalGlobalFold": 361086481996946700000,
  "moonGlobalYeast": 2.905930524366075e+41,
  "galaxyAssembly": 7.552995176021185e+99,
  "blackHoleCompression": 2.5257638122481484e+107,
  "quantumProofing": 1.160345139745163e+139,
  "antimatterRecipe": 1.1764384091444485e+151
 },
 "resStageCostEach": {
  "spiceBlend": {
   "s2": 32864886373.03448,
   "s3": 1.5402996398025727e+39
  },
  "fingerTechnique": {
   "s2": 2.7246254890759383e+22,
   "s3": 8.107627583593448e+89
  },
  "grandmaCrowd": {
   "s2": 8.079046947665262e+26,
   "s3": 2.435714206456719e+77
  },
  "bankClickDividend": {
   "s2": 4801234679112196,
   "s3": 2131656605317812500
  },
  "ovenBatch": {
   "s2": 3.1449794210122134e+39,
   "s3": 1.3067845401032068e+42
  },
  "moonGlobalYeast": {
   "s2": 9632376796711.844,
   "s3": 507500726739115460
  },
  "portalNetwork": {
   "s2": 1.4350239637972937e+51,
   "s3": 2.5893088628879627e+89
  },
  "factoryNetwork": {
   "s2": 3.737761719493871e+64,
   "s3": 3.685840688735155e+77
  },
  "galaxyAssembly": {
   "s2": 6710364251932.217,
   "s3": 7.862468403941106e+28
  },
  "portalGlobalFold": {
   "s2": 4.615625223921502e+105,
   "s3": 1.1014120316713646e+137
  },
  "blackHoleCompression": {
   "s2": 8.948015329433568e+23,
   "s3": 1.2383921841693686e+29
  },
  "quantumProofing": {
   "s2": 179361086719107.7,
   "s3": 3427471552409547300
  },
  "antimatterRecipe": {
   "s2": 5656.174615200675,
   "s3": 2669578.911903615
  }
 }
}