{
 "resCost": {
  "portalGlobalFold": 71588456210,
  "moonGlobalYeast": 2.773339297853192e+77,
  "galaxyAssembly": 9.371885294971579e+153,
  "blackHoleCompression": 7.88816142117226e+170,
  "quantumProofing": 1.37615807471817e+239,
  "antimatterRecipe": 1.0414718549193208e+249
 },
 "resStageCostEach": {
  "ovenBatch": {
   "s2": 1411549418580610800,
   "s3": 5.84741542054145e+123
  },
  "spiceBlend": {
   "s2": 5.9169573877619345e+22,
   "s3": 9.157253225218944e+90
  },
  "fingerTechnique": {
   "s2": 8.216111337821758e+30,
   "s3": 6.451948637693231e+145
  },
  "grandmaCrowd": {
   "s2": 1.659825834519899e+51,
   "s3": 7.0391352482233325e+115
  },
  "bankClickDividend": {
   "s2": 5.339163783355408e+53,
   "s3": 2.0201211569952e+62
  },
  "moonGlobalYeast": {
   "s2": 9.681411130738999e+33,
   "s3": 6.162299024303958e+37
  },
  "factoryNetwork": {
   "s2": 8.034190470090366e+125,
   "s3": 5.341757680866201e+130
  },
  "portalNetwork": {
   "s2": 1.9357676208754823e+139,
   "s3": 3.3923798301401646e+156
  },
  "galaxyAssembly": {
   "s2": 1.751730243731538e+25,
   "s3": 1.0822993537905997e+55
  },
  "portalGlobalFold": {
   "s2": 2.2841789229710726e+194,
   "s3": 1.6679574257997163e+262
  },
  "blackHoleCompression": {
   "s2": 3.462813805980534e+42,
   "s3": 5.073669911715266e+59
  },
  "quantumProofing": {
   "s2": 1499043262498575000,
   "s3": 8.676800967175311e+33
  },
  "antimatterRecipe": {
   "s2": 3328527218150525,
   "s3": 1.1833425120650272e+24
  }
 }
}