{
 "resCost": {
  "portalGlobalFold": 8.746700713583663e+38,
  "moonGlobalYeast": 7.414369041099566e+116,
  "galaxyAssembly": 8.197616121499579e+222,
  "blackHoleCompression": 7.693813000508921e+239,
  "quantumProofing": 7.592929015959097e+263,
  "antimatterRecipe": 7.592929015959097e+263
 },
 "resStageCostEach": {
  "ovenBatch": {
   "s2": 322332736931.57745,
   "s3": 3.01511493648822e+160
  },
  "spiceBlend": {
   "s2": 2.1930147327820245e+58,
   "s3": 1.2155391014392171e+118
  },
  "fingerTechnique": {
   "s2": 3.5115942869932924e+71,
   "s3": 1.1303331794210377e+208
  },
  "grandmaCrowd": {
   "s2": 6.42038019200261e+82,
   "s3": 2.574607047063097e+152
  },
  "bankClickDividend": {
   "s2": 1.7802718839242402e+93,
   "s3": 5.709223493655887e+101
  },
  "moonGlobalYeast": {
   "s2": 352099327415009540000,
   "s3": 8.50591065275248e+31
  },
  "factoryNetwork": {
   "s2": 2.5694784643758632e+172,
   "s3": 1.340066196805831e+184
  },
  "portalNetwork": {
   "s2": 8.115401549345938e+192,
   "s3": 2.0794729190931922e+225
  },
  "galaxyAssembly": {
   "s2": 1.9906536314224412e+29,
   "s3": 9.262362256809524e+40
  },
  "portalGlobalFold": {
   "s2": 8.680906394987594e+224,
   "s3": 8.680906394987594e+224
  },
  "blackHoleCompression": {
   "s2": 9.868876479655602e+23,
   "s3": 9.868876479655602e+23
  },
  "quantumProofing": {
   "s2": 2,
   "s3": 2
  },
  "antimatterRecipe": {
   "s2": 2,
   "s3": 2
  }
 }
}