{
 "resCost": {
  "factoryNetwork": 50939219125363120,
  "spiceBlend": 7.364039865993643e+36,
  "portalNetwork": 1.9808706351913663e+60,
  "bankClickDividend": 2.7072957677342736e+55,
  "portalGlobalFold": 1.6695319838580264e+69,
  "moonGlobalYeast": 1.3070838365638418e+99,
  "galaxyAssembly": 1.8365740566022075e+179,
  "blackHoleCompression": 9.625494003775286e+191,
  "quantumProofing": 1.7213916727409313e+239,
  "antimatterRecipe": 2.368863941567103e+252
 },
 "resStageCostEach": {
  "spiceBlend": {
   "s2": 9817863917371342,
   "s3": 5.945983138714973e+66
  },
  "fingerTechnique": {
   "s2": 4.891746647618882e+69,
   "s3": 3.484152226308497e+167
  },
  "grandmaCrowd": {
   "s2": 2.754072046972048e+73,
   "s3": 3.856551549118379e+158
  },
  "bankClickDividend": {
   "s2": 2.653096120363911e+30,
   "s3": 1.0157746741988893e+39
  },
  "ovenBatch": {
   "s2": 1.2097454367606536e+44,
   "s3": 5.475009949878141e+127
  },
  "moonGlobalYeast": {
   "s2": 2260586140510.5625,
   "s3": 16802053865316828
  },
  "portalNetwork": {
   "s2": 1.4382055767256585e+68,
   "s3": 4.731323290561467e+127
  },
  "factoryNetwork": {
   "s2": 3.958745233274309e+103,
   "s3": 1.6341874210858138e+120
  },
  "galaxyAssembly": {
   "s2": 295014064603208300,
   "s3": 4.743415142302191e+42
  },
  "portalGlobalFold": {
   "s2": 1.6505553817837014e+144,
   "s3": 1.3090235406029595e+204
  },
  "blackHoleCompression": {
   "s2": 9.506022264112698e+33,
   "s3": 4.952638912877054e+38
  },
  "quantumProofing": {
   "s2": 7.153795809358416e+25,
   "s3": 9.1174165827203e+33
  },
  "antimatterRecipe": {
   "s2": 14341124556169946,
   "s3": 922575851787395300000
  }
 }
}