{
 "resCost": {
  "factoryNetwork": 7714618609,
  "spiceBlend": 69560674,
  "portalNetwork": 9.978704544381594e+51,
  "bankClickDividend": 3.470300925496126e+34,
  "portalGlobalFold": 4.161660961425543e+56,
  "moonGlobalYeast": 9.260258753331549e+83,
  "galaxyAssembly": 1.9286337855382405e+177,
  "blackHoleCompression": 3.598880879263719e+190,
  "quantumProofing": 4.351443210737489e+233,
  "antimatterRecipe": 6.626215802679491e+251
 },
 "resStageCostEach": {
  "spiceBlend": {
   "s2": 1.3388785227398958e+40,
   "s3": 3.836927254199117e+91
  },
  "fingerTechnique": {
   "s2": 3.343961242655679e+57,
   "s3": 3.415244167283014e+165
  },
  "grandmaCrowd": {
   "s2": 2.054983699730045e+60,
   "s3": 9.676231647966025e+146
  },
  "bankClickDividend": {
   "s2": 5.209675213527532e+35,
   "s3": 6.371021911640453e+41
  },
  "ovenBatch": {
   "s2": 49770174060.43,
   "s3": 1.4766725693356581e+127
  },
  "moonGlobalYeast": {
   "s2": 6694502298279973000,
   "s3": 3.7935624236109662e+25
  },
  "portalNetwork": {
   "s2": 3.3763945102334664e+68,
   "s3": 4.917273846651609e+132
  },
  "factoryNetwork": {
   "s2": 2.968192035912773e+131,
   "s3": 7.495959856439881e+149
  },
  "galaxyAssembly": {
   "s2": 510465413102360800,
   "s3": 6.871437560227768e+40
  },
  "portalGlobalFold": {
   "s2": 3.529500921087297e+157,
   "s3": 2.792696252980044e+208
  },
  "blackHoleCompression": {
   "s2": 2.1475883491509996e+31,
   "s3": 1.3053142499366755e+39
  },
  "quantumProofing": {
   "s2": 1.5177016258556819e+26,
   "s3": 2.2538499881662303e+31
  },
  "antimatterRecipe": {
   "s2": 15799078046.204731,
   "s3": 17818516385332.25
  }
 }
}